{"cameraMode":{"drawMode":0,"name":"Shaded","section":"Shading Mode"},"sceneLighting":false,"audioPlay":false,"sceneViewState":{"showFog":true,"showMaterialUpdate":false,"showSkybox":false,"showFlares":true,"showImageEffects":true,"showParticleSystems":true},"in2DMode":false,"pivot":{"x":25.631040573120118,"y":14.916909217834473,"z":6.972134113311768},"rotation":{"x":-0.07790451496839524,"y":0.6378417015075684,"z":0.06508731842041016,"w":0.7634555697441101},"size":64.12608337402344,"orthographic":false}