{"cameraMode":{"drawMode":0,"name":"Shaded","section":"Shading Mode"},"sceneLighting":false,"audioPlay":false,"sceneViewState":{"showFog":true,"showMaterialUpdate":false,"showSkybox":false,"showFlares":true,"showImageEffects":true,"showParticleSystems":true},"in2DMode":false,"pivot":{"x":10.625662803649903,"y":53.694637298583987,"z":-7.856590747833252},"rotation":{"x":-0.24340662360191346,"y":0.6650983095169067,"z":0.24443472921848298,"w":0.6623147130012512},"size":57.372283935546878,"orthographic":false}